{"cameraMode":{"drawMode":0,"name":"Shaded","section":"Shading Mode"},"sceneLighting":true,"audioPlay":false,"sceneViewState":{"showFog":true,"showMaterialUpdate":false,"showSkybox":true,"showFlares":true,"showImageEffects":true,"showParticleSystems":true,"showVisualEffectGraphs":true,"m_FxEnabled":true},"in2DMode":false,"pivot":{"x":0.2082500457763672,"y":-0.7376561164855957,"z":-0.37604761123657229},"rotation":{"x":-0.08395582437515259,"y":0.8693233728408814,"z":-0.15846829116344453,"w":-0.46056368947029116},"size":3.856647253036499,"orthographic":false}